INSERT INTO suppliers (supplierID, supplierPhone, supplierAddress) VALUES
(1001, '18612345678', '123 Main Street, Anytown, Pleasant Valley, USA'),
(1002, '13998765432', '456 Elm Avenue, Springfield, Maplewood, CA'),
(1003, '18887654321', '789 Oak Lane, Lakeside, Westlake, NY'),
(1004, '18234567890', '321 Maple Drive, Mountain View, Central City, TX'),
(1005, '18587654321', '654 Pine Street, Riverside, Oakville, FL'),
(1006, '13298765432', '987 Cedar Road, Ocean City, Sea View, NJ'),
(1007, '13187654321', '741 Birch Lane, Lakeview, Hillcrest, MI'),
(1008, '13387654321', '369 Walnut Street, Springdale, Greenfield, OR'),
(1009, '13287654321', '852 Cherry Avenue, Summit, Valleyview, IL'),
(1010, '13787654321', '159 Willow Drive, Parkland, Maplewood, WA'),
(1011, '13687654321', '753 Birchwood Court, Woodside, Riverfront, CO'),
(1012, '13587654321', '852 Magnolia Lane, Ocean Springs, Harbor View, MS'),
(1013, '13487654321', '963 Pinecrest Avenue, Greenfield, Northside, MT'),
(1014, '13397654321', '741 Oakwood Circle, Sunset Beach, Central City, HI'),
(1015, '13507654321', '357 Cedar Lane, Beachwood, Seaview, NC'),
(1016, '13707654321', '456 Maple Street, Moonlight Beach, Hillcrest, CA'),
(1017, '13407654321', '852 Willow Avenue, Mountain Lake, Oakville, MN'),
(1018, '13107654321', '654 Birchwood Drive, Riverdale, Lakeside, IA'),
(1019, '13907654321', '753 Oakridge Court, Lakeview, Hillcrest, OH'),
(1020, '13807654321', '357 Elmwood Avenue, Riverside, Oakwood, AZ'),
(1021, '13287654321', '852 Pine Road, Springdale, Valleyview, TX'),
(1022, '13787654321', '741 Oak Lane, Pleasant Valley, Hillcrest, NY'),
(1023, '13307654321', '963 Maple Street, Seaview, Northside, FL'),
(1024, '13107654321', '159 Cedar Drive, Riverfront, Maplewood, NJ'),
(1025, '13907654321', '753 Elm Avenue, Sunset Beach, Central City, MI'),
(1026, '13807654321', '357 Cherry Lane, Beachwood, Seaview, OR'),
(1027, '13687654321', '456 Birchwood Court, Mountain View, Oakville, IL'),
(1028, '13507654321', '852 Oakwood Circle, Parkland, Lakeside, WA'),
(1029, '13407654321', '741 Magnolia Lane, Woodside, Hillcrest, CO'),
(1030, '13387654321', '369 Pinecrest Avenue, Ocean Springs, Harbor View, MS'),
(1031, '13287654321', '987 Oakwood Circle, Greenfield, Northside, MT'),
(1032, '13787654321', '654 Cherry Lane, Lakeside, Central City, HI'),
(1033, '13907654321', '753 Maple Street, Beachwood, Seaview, NC'),
(1034, '13807654321', '357 Birchwood Court, Moonlight Beach, Hillcrest, CA'),
(1035, '13687654321', '456 Oak Lane, Mountain Lake, Oakville, MN'),
(1036, '13507654321', '852 Pine Road, Riverdale, Lakeside, IA'),
(1037, '13407654321', '741 Elm Avenue, Lakeview, Hillcrest, OH'),
(1038, '13307654321', '963 Cherry Lane, Riverside, Oakwood, AZ'),
(1039, '13107654321', '159 Oakwood Circle, Pleasant Valley, Sea View, TX'),
(1040, '13987654321', '753 Maple Street, Springfield, Maplewood, CA'),
(1041, '13887654321', '357 Cedar Drive, Westlake, Riverfront, NY'),
(1042, '13787654321', '456 Elm Avenue, Central City, Seaview, FL'),
(1043, '13687654321', '852 Pine Road, Mountain View, Valleyview, NJ'),
(1044, '13587654321', '741 Oak Lane, Lakeside, Hillcrest, MI'),
(1045, '13487654321', '369 Pine Street, Springdale, Greenfield, OR'),
(1046, '13397654321', '987 Maple Drive, Summit, Northside, IL'),
(1047, '13287654321', '654 Cedar Drive, Parkland, Maplewood, WA'),
(1048, '13707654321', '852 Birchwood Court, Woodside, Riverfront, CO'),
(1049, '13407654321', '741 Magnolia Lane, Ocean Springs, Harbor View, MS'),
(1050, '13107654321', '963 Oakwood Circle, Greenfield, Northside, MT');


INSERT INTO warehouses (warehouseID, warehouseAddress, WarehouseCapacity, supplierID) VALUES
(2001, '963 Oakwood Circle, Greenfield, Northside, MT', 917, 1001),
(2002, '357 Elmwood Avenue, Riverside, Oakwood, AZ', 1123, 1002),
(2003, '753 Maple Street, Beachwood, Seaview, NC', 1485, 1003),
(2004, '369 Pine Street, Springdale, Greenfield, OR', 902, 1004),
(2005, '741 Oak Lane, Lakeside, Hillcrest, MI', 1156, 1005),
(2006, '753 Oakridge Court, Lakeview, Hillcrest, OH', 1358, 1006),
(2007, '963 Maple Street, Seaview, Northside, FL', 975, 1007),
(2008, '852 Pine Road, Springdale, Valleyview, TX', 1046, 1008),
(2009, '357 Cedar Drive, Westlake, Riverfront, NY', 829, 1009),
(2010, '753 Elm Avenue, Sunset Beach, Central City, MI', 1274, 1010),
(2011, '987 Oakwood Circle, Greenfield, Northside, MT', 1392, 1011),
(2012, '963 Pinecrest Avenue, Greenfield, Northside, MT', 1090, 1012),
(2013, '753 Birchwood Court, Woodside, Riverfront, CO', 1426, 1013),
(2014, '741 Oakwood Circle, Lakeside, Hillcrest, MI', 957, 1014),
(2015, '369 Walnut Street, Springdale, Greenfield, OR', 1198, 1015),
(2016, '741 Oak Lane, Pleasant Valley, Hillcrest, NY', 895, 1016),
(2017, '741 Magnolia Lane, Woodside, Hillcrest, CO', 1375, 1017),
(2018, '741 Birch Lane, Lakeview, Hillcrest, MI', 1049, 1018),
(2019, '159 Willow Drive, Parkland, Maplewood, WA', 851, 1019),
(2020, '741 Elm Avenue, Lakeview, Hillcrest, OH', 1219, 1020),
(2021, '963 Cherry Lane, Riverside, Oakwood, AZ', 1132, 1021),
(2022, '987 Cedar Road, Ocean City, Sea View, NJ', 1004, 1022),
(2023, '963 Pinecrest Avenue, Greenfield, Northside, MT', 1457, 1023),
(2024, '159 Cedar Drive, Riverfront, Maplewood, NJ', 914, 1024),
(2025, '963 Oakwood Circle, Greenfield, Northside, MT', 1332, 1025),
(2026, '357 Cherry Lane, Beachwood, Seaview, NC', 936, 1026),
(2027, '369 Pinecrest Avenue, Ocean Springs, Harbor View, MS', 1285, 1027),
(2028, '963 Oakwood Circle, Greenfield, Northside, MT', 1112, 1028),
(2029, '741 Oak Lane, Lakeside, Hillcrest, MI', 817, 1029),
(2030, '753 Elm Avenue, Sunset Beach, Central City, MI', 1356, 1030),
(2031, '741 Oak Lane, Lakeside, Hillcrest, MI', 1057, 1031),
(2032, '987 Cedar Road, Ocean City, Sea View, NJ', 923, 1032),
(2033, '753 Oakridge Court, Lakeview, Hillcrest, OH', 1432, 1033),
(2034, '357 Cedar Drive, Westlake, Riverfront, NY', 995, 1034),
(2035, '963 Maple Street, Seaview, Northside, FL', 1197, 1035),
(2036, '741 Magnolia Lane, Woodside, Hillcrest, CO', 1188, 1036),
(2037, '369 Pine Street, Springdale, Greenfield, OR', 1005, 1037),
(2038, '753 Birchwood Court, Woodside, Riverfront, CO', 1475, 1038),
(2039, '357 Cedar Drive, Westlake, Riverfront, NY', 978, 1039),
(2040, '753 Oakridge Court, Lakeview, Hillcrest, OH', 1314, 1040),
(2041, '963 Maple Street, Seaview, Northside, FL', 946, 1041),
(2042, '963 Oakwood Circle, Greenfield, Northside, MT', 1258, 1042),
(2043, '987 Cedar Road, Ocean City, Sea View, NJ', 1106, 1043),
(2044, '357 Cedar Drive, Westlake, Riverfront, NY', 805, 1044),
(2045, '753 Oak Lane, Sunset Beach, Central City, MI', 1347, 1045),
(2046, '741 Magnolia Lane, Woodside, Hillcrest, CO', 1024, 1046),
(2047, '987 Oakwood Circle, Greenfield, Northside, MT', 976, 1047),
(2048, '357 Elmwood Avenue, Riverside, Oakwood, AZ', 1429, 1048),
(2049, '741 Oak Lane, Lakeside, Hillcrest, MI', 975, 1049),
(2050, '963 Oakwood Circle, Greenfield, Northside, MT', 1222, 1050);

INSERT INTO goods (goodsID, goodsPrice, goodsName, warehouseID) VALUES
(3001, 799.99, 'iPhone 13 Pro', 2001),
(3002, 1299.99, 'MacBook Pro', 2002),
(3003, 99.99, 'JBL Flip 5 Bluetooth Speaker', 2003),
(3004, 29.99, 'Logitech Wireless Mouse', 2004),
(3005, 149.99, 'Seagate Backup Plus Portable Hard Drive', 2005),
(3006, 14.99, 'SanDisk Cruzer Glide USB Flash Drive', 2006),
(3007, 329.99, 'Samsung Galaxy Tab S7', 2007),
(3008, 199.99, 'Sony WH-1000XM4 Wireless Headphones', 2008),
(3009, 329.99, 'Apple Watch Series 7', 2009),

(3010, 69.99, 'Razer DeathAdder V2 Gaming Mouse', 2010),
(3011, 129.99, 'Fitbit Charge 5 Fitness Tracker', 2011),
(3012, 499.99, 'Canon EOS RP Mirrorless Camera', 2012),
(3013, 39.99, 'Logitech K380 Multi-Device Bluetooth Keyboard', 2013),
(3014, 249.99, 'Dell Ultrasharp 27 Monitor', 2014),
(3015, 19.99, 'Anker PowerCore Portable Charger', 2015),
(3016, 69.99, 'Xbox Wireless Controller', 2016),
(3017, 9.99, 'AmazonBasics High-Speed HDMI Cable', 2017),
(3018, 24.99, 'Belkin 6-Outlet Power Strip', 2018),
(3019, 99.99, 'TP-Link Archer AX21 Wireless Router', 2019);

INSERT INTO goods (goodsID, goodsPrice, goodsName, warehouseID) VALUES
(3020, 169.99, 'Samsung T7 Portable SSD', 2020),
(3021, 179.99, 'Apple AirPods Pro', 2021),
(3022, 799.99, 'Sony BRAVIA XR A80J 65" 4K TV', 2022),
(3023, 19.99, 'Spigen Tough Armor iPhone 13 Pro Case', 2023),
(3024, 129.99, 'Samsung T5 Portable SSD', 2024),
(3025, 149.99, 'Logitech G Pro Mechanical Gaming Keyboard', 2025),
(3026, 79.99, 'Beats Flex Wireless Earphones', 2026),
(3027, 499.99, 'NVIDIA GeForce RTX 3070 Graphics Card', 2027),
(3028, 49.99, 'Logitech C920 HD Pro Webcam', 2028),
(3029, 29.99, 'Anker 4-Port USB 3.0 Hub', 2029),
(3030, 99.99, 'Amazon Echo Dot (4th Gen)', 2030),
(3031, 29.99, 'Anker Wireless Charging Pad', 2031),
(3032, 299.99, 'Oculus Quest 2 VR Headset', 2032),
(3033, 49.99, 'SteelSeries QcK Gaming Mouse Pad', 2033),
(3034, 399.99, 'Bose Smart Soundbar 300', 2034),
(3035, 14.99, 'CaseBuy Keyboard Cover', 2035),
(3036, 59.99, 'NETGEAR 5-Port Gigabit Ethernet Switch', 2036);

INSERT INTO goods (goodsID, goodsPrice, goodsName, warehouseID) VALUES
(3037, 7.99, 'UGREEN Micro USB Cable', 2037),
(3038, 19.99, 'Vornado Zippi Personal Fan', 2038),
(3039, 199.99, 'Secretlab Omega Gaming Chair', 2039),
(3040, 39.99, 'Govee RGB LED Strip Lights', 2040),
(3041, 49.99, 'Logitech R500 Laser Wireless Presenter', 2041);
-- Error Code: 1062. Duplicate entry '3037' for key 'goods.PRIMARY'

-- INSERT INTO goods (goodsID, goodsPrice, goodsName, warehouseID) VALUES
-- (3042, 49.99, 'Anker PowerCore Slim 10000 Power Bank', 2042);

-- INSERT INTO goods (goodsID, goodsPrice, goodsName, warehouseID) VALUES
-- (3043, 14.99, 'amFilm Glass Screen Protector for iPhone 13 Pro', 2043);

-- INSERT INTO goods (goodsID, goodsPrice, goodsName, warehouseID) VALUES
-- (3044, 19.99, 'Avantree USB Bluetooth Audio Adapter', 2044);

INSERT INTO goods (goodsID, goodsPrice, goodsName, warehouseID) VALUES
(3042, 49.99, 'Anker PowerCore Slim 10000 Power Bank', 2042),
(3043, 14.99, 'amFilm Glass Screen Protector for iPhone 13 Pro', 2043),
(3044, 19.99, 'Avantree Leaf Class 1 Long Range USB Bluetooth Audio Adapter', 2044);

INSERT INTO goods (goodsID, goodsPrice, goodsName, warehouseID) VALUES
(3045, 99.99, 'NETGEAR Nighthawk Mesh WiFi 6 Range Extender', 2045),
(3046, 49.99, 'Anker PowerExpand+ 7-in-1 USB-C Hub', 2046),
(3047, 299.99, 'HP Color LaserJet Pro M255dw Wireless Printer', 2047),
(3048, 9.99, 'Corsair MM200 - Cloth Gaming Mouse Pad', 2048),
(3049, 14.99, 'BYBON 300 Lumen LED USB Rechargeable Flashlight', 2049),
(3050, 59.99, 'Microsoft Wireless Display Adapter V2', 2050);

-- Error Code: 1406. Data too long for column 'goodsName' at row 3
SELECT *
FROM goods;


INSERT INTO shops (shopID, shopName, shopAddress) VALUES
(10001, 'ElectroMart', '123 Main Street, Anytown, USA'),
(10002, 'FashionHub', '456 Park Avenue, Metropolis, USA'),
(10003, 'TechZone', '789 Center Street, Techville, USA'),
(10004, 'HomeDepot', '1010 Elm Avenue, Homestead, USA'),
(10005, 'BookEmporium', '1313 Maple Drive, Booktown, USA'),
(10006, 'PetParadise', '1515 Pine Lane, Petropolis, USA'),
(10007, 'Sportsworld', '1717 Oak Road, Sportsville, USA'),
(10008, 'FurnitureGallery', '1919 Cedar Boulevard, Furnitopia, USA'),
(10009, 'SuperGrocer', '2121 Walnut Street, Foodville, USA'),
(10010, 'CosmeticCorner', '2323 Willow Lane, Beautopia, USA'),
(10011, 'JewelryPalace', '2525 Birch Avenue, Gemtown, USA'),
(10012, 'OutdoorLiving', '2727 Cherry Street, Outdoorville, USA'),
(10013, 'ToyLand', '2929 Poplar Road, Toytopia, USA'),
(10014, 'FitnessZone', '3131 Sycamore Drive, Fitville, USA'),
(10015, 'MusicMania', '3333 Oakwood Lane, Musicville, USA'),
(10016, 'ArtisanAlley', '3535 Elm Street, Artisanville, USA'),
(10017, 'GameCenter', '3737 Maple Avenue, Gametown, USA'),
(10018, 'HealthHaven', '3939 Pine Boulevard, Healthville, USA'),
(10019, 'ElectronicsEmporium', '4141 Cedar Lane, Techland, USA'),
(10020, 'FashionFiesta', '4343 Walnut Drive, Fashionville, USA'),
(10021, 'SportsEmporium', '4545 Willow Lane, Sportopia, USA'),
(10022, 'TechWorld', '4747 Pine Drive, Techville, USA'),
(10023, 'HomeEssentials', '4949 Oak Avenue, Homestead, USA'),
(10024, 'Bookworms', '5151 Elm Boulevard, Booktopia, USA'),
(10025, 'PetParadise2', '5353 Maple Lane, Petropolis, USA'),
(10026, 'SportsUnlimited', '5555 Walnut Road, Sportopia, USA'),
(10027, 'HomeDecor', '5757 Cedar Drive, Homestead, USA'),
(10028, 'Fashionista', '5959 Pine Avenue, Fashionville, USA'),
(10029, 'MusicMania2', '6161 Oak Lane, Musicville, USA'),
(10030, 'GadgetGuru', '6363 Elm Boulevard, Techland, USA'),
(10031, 'HomeComforts', '6565 Maple Drive, Homestead, USA'),
(10032, 'ToyLand2', '6767 Walnut Lane, Toytopia, USA'),
(10033, 'HealthWellness', '6969 Cedar Road, Healthville, USA'),
(10034, 'ElectronicsPlus', '7171 Pine Boulevard, Techland, USA'),
(10035, 'FashionTrends', '7373 Oak Avenue, Fashionville, USA'),
(10036, 'SportyStyles', '7575 Elm Drive, Sportopia, USA'),
(10037, 'PetCentral', '7777 Maple Boulevard, Petropolis, USA'),
(10038, 'HomeSweetHome', '7979 Walnut Lane, Homestead, USA'),
(10039, 'BookNook', '8181 Cedar Avenue, Booktopia, USA'),
(10040, 'TechSpot', '8383 Pine Drive, Techville, USA'),
(10041, 'FitnessFusion', '8585 Oak Boulevard, Fitville, USA'),
(10042, 'MusicMagic', '8787 Elm Lane, Musicville, USA'),
(10043, 'GadgetGalaxy', '8989 Maple Road, Techland, USA'),
(10044, 'HomeHarmony', '9191 Walnut Avenue, Homestead, USA'),
(10045, 'FashionForward', '9393 Cedar Drive, Fashionville, USA'),
(10046, 'SportySolutions', '9595 Pine Lane, Sportopia, USA'),
(10047, 'PetPalace', '9797 Oak Road, Petropolis, USA'),
(10048, 'HealthFirst', '9999 Elm Boulevard, Healthville, USA'),
(10049, 'ElectronicsWorld', '10202 Maple Drive, Techland, USA'),
(10050, 'FashionFocus', '10404 Walnut Lane, Fashionville, USA');


INSERT INTO staff (staffID, shopID, staffName, salary, gender, staffPhone) VALUES
(4001, 10001, 'Michael Smith', 5032.45, 'Male', '18402788923'),
(4002, 10002, 'Emily Johnson', 4843.78, 'Female', '18402789014'),
(4003, 10003, 'William Brown', 5100.32, 'Male', '18402789105'),
(4004, 10004, 'Olivia Jones', 4967.54, 'Female', '18402789296'),
(4005, 10005, 'James Miller', 5212.67, 'Male', '18402789387'),
(4006, 10006, 'Emma Davis', 4889.21, 'Female', '18402789478'),
(4007, 10007, 'Logan Garcia', 5333.15, 'Male', '18402789569'),
(4008, 10008, 'Ava Rodriguez', 5010.89, 'Female', '18402789650'),
(4009, 10009, 'Benjamin Wilson', 5412.77, 'Male', '18402789741'),
(4010, 10010, 'Sophia Martinez', 5132.50, 'Female', '18402789832'),
(4011, 10011, 'Alexander Anderson', 5536.22, 'Male', '18402789923'),
(4012, 10012, 'Isabella Taylor', 5234.99, 'Female', '18402790014'),
(4013, 10013, 'Ethan Thomas', 5623.44, 'Male', '18402790105'),
(4014, 10014, 'Mia Hernandez', 5367.84, 'Female', '18402790296'),
(4015, 10015, 'Michael Smith', 5750.36, 'Male', '18402790387'),
(4016, 10016, 'Olivia Smith', 5421.77, 'Female', '18402790478'),
(4017, 10017, 'James Johnson', 5832.98, 'Male', '18402790569'),
(4018, 10018, 'Emma Brown', 5523.11, 'Female', '18402790650'),
(4019, 10019, 'Logan Williams', 5945.20, 'Male', '18402790741'),
(4020, 10020, 'Ava Jones', 5621.90, 'Female', '18402790832'),
(4021, 10021, 'Benjamin Garcia', 6032.60, 'Male', '18402790923'),
(4022, 10022, 'Sophia Martinez', 5743.15, 'Female', '18402791014'),
(4023, 10023, 'Alexander Hernandez', 6144.88, 'Male', '18402791105'),
(4024, 10024, 'Isabella Johnson', 5822.79, 'Female', '18402791296'),
(4025, 10025, 'Ethan Davis', 6243.72, 'Male', '18402791387'),
(4026, 10026, 'Mia Wilson', 5932.91, 'Female', '18402791478'),
(4027, 10027, 'Michael Taylor', 6343.45, 'Male', '18402791569'),
(4028, 10028, 'Olivia Anderson', 6002.36, 'Female', '18402791650'),
(4029, 10029, 'James Martinez', 6432.55, 'Male', '18402791741'),
(4030, 10030, 'Emma Smith', 6109.87, 'Female', '18402791832'),
(4031, 10031, 'Logan Johnson', 6532.78, 'Male', '18402791923'),
(4032, 10032, 'Ava Brown', 6201.89, 'Female', '18402792014'),
(4033, 10033, 'Benjamin Miller', 6632.45, 'Male', '18402792105'),
(4034, 10034, 'Sophia Davis', 6302.67, 'Female', '18402792296'),
(4035, 10035, 'Alexander Garcia', 6732.89, 'Male', '18402792387'),
(4036, 10036, 'Isabella Rodriguez', 6409.12, 'Female', '18402792478'),
(4037, 10037, 'Ethan Wilson', 6821.34, 'Male', '18402792569'),
(4038, 10038, 'Mia Taylor', 6500.00, 'Female', '18402792650'),
(4039, 10039, 'Michael Hernandez', 6932.89, 'Male', '18402792741'),
(4040, 10040, 'Olivia Smith', 6602.67, 'Female', '18402792832'),
(4041, 10041, 'James Johnson', 7032.89, 'Male', '18402792923'),
(4042, 10042, 'Emma Brown', 6701.23, 'Female', '18402793014'),
(4043, 10043, 'Logan Williams', 7132.78, 'Male', '18402793105'),
(4044, 10044, 'Ava Jones', 6800.32, 'Female', '18402793296'),
(4045, 10045, 'Benjamin Garcia', 7200.89, 'Male', '18402793387'),
(4046, 10046, 'Sophia Martinez', 6900.45, 'Female', '18402793478'),
(4047, 10047, 'Alexander Hernandez', 7300.89, 'Male', '18402793569'),
(4048, 10048, 'Isabella Johnson', 7001.32, 'Female', '18402793650'),
(4049, 10049, 'Ethan Davis', 7400.67, 'Male', '18402793741'),
(4050, 10050, 'Mia Wilson', 7101.23, 'Female', '18402793832');

INSERT INTO staff (staffID, shopID, staffName, salary, gender, staffPhone) VALUES
(4059, 10038, 'Kento Momota (Banned,T)', 5294, 'Male', '13748392813'),
(4060, 10019, 'Kento Momota (Dominate,H)', 7638, 'Male', '15817845085'),
(4061, 10025, 'Kento Momota (Retreat,A)', 6583, 'Male', '18927719083'),
(4062, 10037, 'Kento Momota (Thomas,N)', 6378, 'Male', '18947591759'),
(4063, 10040, 'Kento Momota (Retired,K)', 6229, 'Male', '18038736836');

INSERT INTO customer (customerID, customerPhone) VALUES
(5001, '18970394829'),
(5002, '18970394830'),
(5003, '18970394831'),
(5004, '18970394832'),
(5005, '18970394833'),
(5006, '18970394834'),
(5007, '18970394835'),
(5008, '18970394836'),
(5009, '18970394837'),
(5010, '18970394838'),
(5011, '18970394839'),
(5012, '18970394840'),
(5013, '18970394841'),
(5014, '18970394842'),
(5015, '18970394843'),
(5016, '18970394844'),
(5017, '18970394845'),
(5018, '18970394846'),
(5019, '18970394847'),
(5020, '18970394848'),
(5021, '18970394849'),
(5022, '18970394850'),
(5023, '18970394851'),
(5024, '18970394852'),
(5025, '18970394853'),
(5026, '18970394854'),
(5027, '18970394855'),
(5028, '18970394856'),
(5029, '18970394857'),
(5030, '18970394858'),
(5031, '18970394859'),
(5032, '18970394860'),
(5033, '18970394861'),
(5034, '18970394862'),
(5035, '18970394863'),
(5036, '18970394864'),
(5037, '18970394865'),
(5038, '18970394866'),
(5039, '18970394867'),
(5040, '18970394868'),
(5041, '18970394869'),
(5042, '18970394870'),
(5043, '18970394871'),
(5044, '18970394872'),
(5045, '18970394873'),
(5046, '18970394874'),
(5047, '18970394875'),
(5048, '18970394876'),
(5049, '18970394877'),
(5050, '18970394878');

INSERT INTO onlineCustomer (onlineCustomerID, onlineCustomerPhone, onlineCustonerAddress) VALUES
(6001, '18402794812', '5678 Elm Street, Elsewheres, Germany'),
(6002, '18402794823', '9012 Pine Lane, Somewhere City, France'),
(6003, '18402794834', '1234 Oakwood Avenue, Elsewheresville, Japan'),
(6004, '18402794845', '3456 Maple Court, Anytown Village, Italy'),
(6005, '18402794856', '9018 Pine Road, Anyplace Village, Colombia'),
(6006, '18402794867', '5673 Birchwood Road, Another Town, Bolivia'),
(6007, '18402794878', '2342 Maple Street, Anytown City, Peru'),
(6008, '18402794889', '9016 Willow Road, Anyplace Town, Guatemala'),
(6009, '18402794890', '6789 Birch Avenue, Somewheres, Mexico'),
(6010, '18402794901', '789 Oak Lane, Another Town, Canada'),
(6011, '18402794912', '5674 Elm Drive, Nowheres, Chile'),
(6012, '18402794923', '5671 Pine Road, Elsewheres, Cuba'),
(6013, '18402794934', '5670 Oakwood Road, Nowheres, Bahamas'),
(6014, '18402794945', '9017 Oakwood Drive, Anyplace City, Paraguay'),
(6015, '18402794956', '9013 Birchwood Road, Elsewheres, St. Vincent and the Grenadines'),
(6016, '18402794967', '9015 Maple Lane, Another Town, Jamaica'),
(6017, '18402794978', '9014 Elm Lane, Another Town, Barbados'),
(6018, '18402794989', '2338 Pine Drive, Anyplace Village, St. Lucia'),
(6019, '18402794990', '6781 Elmwood Avenue, Nowheresville, Bahamas'),
(6020, '18402795001', '6785 Pine Street, Anotherwhere, Panama'),
(6021, '18402795012', '9012 Willow Avenue, Somewheres, St. Vincent and the Grenadines'),
(6022, '18402795023', '5672 Cedar Lane, Anyplace Village, Honduras'),
(6023, '18402795034', '1234 Cedar Street, Anytown Village, Barbados'),
(6024, '18402795045', '1236 Birch Drive, Somewheres, Trinidad and Tobago'),
(6025, '18402795056', '9016 Willow Road, Anyplace Town, Guatemala'),
(6026, '18402795067', '9015 Maple Lane, Another Town, Jamaica'),
(6027, '18402795078', '9013 Birchwood Road, Elsewheres, St. Vincent and the Grenadines'),
(6028, '18402795089', '9018 Pine Road, Anyplace Village, Colombia'),
(6029, '18402795090', '6782 Maple Road, Anyplace Town, Grenada'),
(6030, '18402795101', '2341 Elmwood Avenue, Elsewheresville, Uruguay'),
(6031, '18402795112', '5678 Elm Street, Elsewheres, Germany'),
(6032, '18402795123', '9017 Oakwood Drive, Anyplace City, Paraguay'),
(6033, '18402795134', '5673 Birchwood Road, Another Town, Bolivia'),
(6034, '18402795145', '5670 Oakwood Road, Nowheres, Bahamas'),
(6035, '18402795156', '1234 Oakwood Avenue, Elsewheresville, Japan'),
(6036, '18402795167', '5674 Elm Drive, Nowheres, Chile'),
(6037, '18402795178', '1230 Oak Lane, Elsewheres, Argentina'),
(6038, '18402795189', '9012 Pine Lane, Somewhere City, France'),
(6039, '18402795190', '2342 Maple Street, Anytown City, Peru'),
(6040, '18402795201', '9018 Pine Road, Anyplace Village, Colombia'),
(6041, '18402795212', '9016 Willow Road, Anyplace Town, Guatemala'),
(6042, '18402795223', '9013 Birchwood Road, Elsewheres, St. Vincent and the Grenadines'),
(6043, '18402795234', '9015 Maple Lane, Another Town, Jamaica'),
(6044, '18402795245', '6789 Birch Avenue, Somewheres, Mexico'),
(6045, '18402795256', '5678 Elm Street, Elsewheres, Germany'),
(6046, '18402795267', '789 Oak Lane, Another Town, Canada'),
(6047, '18402795278', '5674 Elm Drive, Nowheres, Chile'),
(6048, '18402795289', '3456 Maple Court, Anytown Village, Italy'),
(6049, '18402795290', '6789 Birch Avenue, Somewheres, Mexico'),
(6050, '18402795301', '5678 Elm Street, Elsewheres, Germany');


INSERT INTO orders (orderID, customerID, orderQuantity, orderDate, goodsID, shopID, staffID) VALUES
(7001, 5001, 2, '2011-01-01', 3001, 10001, 4001),
(7002, 5002, 3, '2011-02-05', 3002, 10002, 4002),
(7003, 5003, 1, '2011-03-10', 3003, 10003, 4003),
(7004, 5004, 4, '2011-04-15', 3004, 10004, 4004),
(7005, 5005, 2, '2011-05-20', 3005, 10005, 4005),
(7006, 5006, 3, '2011-06-25', 3006, 10006, 4006),
(7007, 5007, 1, '2011-07-30', 3007, 10007, 4007),
(7008, 5008, 4, '2011-08-04', 3008, 10008, 4008),
(7009, 5009, 2, '2011-09-09', 3009, 10009, 4009),
(7010, 5010, 3, '2011-10-14', 3010, 10010, 4010),
(7011, 5011, 1, '2011-11-19', 3011, 10011, 4011),
(7012, 5012, 4, '2011-12-24', 3012, 10012, 4012),
(7013, 5013, 2, '2012-01-28', 3013, 10013, 4013),
(7014, 5014, 3, '2012-03-04', 3014, 10014, 4014),
(7015, 5015, 1, '2012-04-08', 3015, 10015, 4015),
(7016, 5016, 4, '2012-05-13', 3016, 10016, 4016),
(7017, 5017, 2, '2012-06-17', 3017, 10017, 4017),
(7018, 5018, 3, '2012-07-22', 3018, 10018, 4018),
(7019, 5019, 1, '2012-08-26', 3019, 10019, 4019),
(7020, 5020, 4, '2012-09-30', 3020, 10020, 4020),
(7021, 5021, 2, '2012-11-04', 3021, 10021, 4021),
(7022, 5022, 3, '2012-12-09', 3022, 10022, 4022),
(7023, 5023, 1, '2013-01-13', 3023, 10023, 4023),
(7024, 5024, 4, '2013-02-17', 3024, 10024, 4024),
(7025, 5025, 2, '2013-03-24', 3025, 10025, 4025),
(7026, 5026, 3, '2013-04-28', 3026, 10026, 4026),
(7027, 5027, 1, '2013-06-02', 3027, 10027, 4027),
(7028, 5028, 4, '2013-07-07', 3028, 10028, 4028),
(7029, 5029, 2, '2013-08-11', 3029, 10029, 4029),
(7030, 5030, 3, '2013-09-15', 3030, 10030, 4030),
(7031, 5031, 1, '2013-10-20', 3031, 10031, 4031),
(7032, 5032, 4, '2013-11-24', 3032, 10032, 4032),
(7033, 5033, 2, '2014-01-05', 3033, 10033, 4033),
(7034, 5034, 3, '2014-02-09', 3034, 10034, 4034),
(7035, 5035, 1, '2014-03-16', 3035, 10035, 4035),
(7036, 5036, 4, '2014-04-20', 3036, 10036, 4036),
(7037, 5037, 2, '2014-05-25', 3037, 10037, 4037),
(7038, 5038, 3, '2014-06-29', 3038, 10038, 4038),
(7039, 5039, 1, '2014-08-03', 3039, 10039, 4039),
(7040, 5040, 4, '2014-09-07', 3040, 10040, 4040),
(7041, 5041, 2, '2014-10-12', 3041, 10041, 4041),
(7042, 5042, 3, '2014-11-16', 3042, 10042, 4042),
(7043, 5043, 1, '2014-12-21', 3043, 10043, 4043),
(7044, 5044, 4, '2015-01-25', 3044, 10044, 4044),
(7045, 5045, 2, '2015-03-01', 3045, 10045, 4045),
(7046, 5046, 3, '2015-04-05', 3046, 10046, 4046),
(7047, 5047, 1, '2015-05-10', 3047, 10047, 4047),
(7048, 5048, 4, '2015-06-14', 3048, 10048, 4048),
(7049, 5049, 2, '2015-07-19', 3049, 10049, 4049),
(7050, 5050, 3, '2015-08-23', 3050, 10050, 4050);

INSERT INTO couriers (courierID, courierName, courierPhone, licensePlate) VALUES
(8001, 'Jean Dubois', '18970394829', 'ABC123'),
(8002, 'Akira Tanaka', '18402930481', 'DEF456'),
(8003, 'Hans Müller', '18088831938', 'GHI789'),
(8004, 'Sakura Yamamoto', '18927719083', 'JKL012'),
(8005, 'Charlotte Dupont', '18502748296', 'MNO345'),
(8006, 'Kenji Suzuki', '18123456789', 'PQR678'),
(8007, 'Léa Martin', '18654321098', 'STU901'),
(8008, 'Sebastian Wagner', '18234567890', 'VWX234'),
(8009, 'Yumi Sato', '18765432109', 'YZA567'),
(8010, 'Antoine Lefèvre', '18345678901', 'BCD890'),
(8011, 'Haruto Nakamura', '18876543210', 'EFG123'),
(8012, 'Johanna Schmidt', '18467890123', 'HIJ456'),
(8013, 'Émile Leroux', '18901234567', 'KLM789'),
(8014, 'Yuki Kobayashi', '18098765432', 'NOP012'),
(8015, 'Luca Fischer', '18543210987', 'QRS345'),
(8016, 'Marie-Louise Bernard', '18123456789', 'TUV678'),
(8017, 'Takashi Inoue', '18654321098', 'WXY901'),
(8018, 'Hannah Müller', '18234567890', 'ZAB234'),
(8019, 'Ryota Suzuki', '18765432109', 'CDE567'),
(8020, 'Maxime Dupont', '18345678901', 'FGH890'),
(8021, 'Sakura Tanaka', '18876543210', 'IJK123'),
(8022, 'Louis Wagner', '18467890123', 'LMN456'),
(8023, 'Natsumi Yamamoto', '18901234567', 'OPQ789'),
(8024, 'Felix Berger', '18098765432', 'RST012'),
(8025, 'Léonie Lefèvre', '18543210987', 'UVW345'),
(8026, 'Ren Kato', '18123456789', 'XYZ678'),
(8027, 'Alice Martin', '18654321098', 'ABC901'),
(8028, 'Hiroki Watanabe', '18234567890', 'DEF234'),
(8029, 'Emma Schmidt', '18765432109', 'GHI567'),
(8030, 'Yuto Müller', '18345678901', 'JKL890'),
(8031, 'Lucas Nakamura', '18876543210', 'MNO123'),
(8032, 'Léa Berger', '18467890123', 'PQR456'),
(8033, 'Hiroto Leroux', '18901234567', 'STU789'),
(8034, 'Elise Kobayashi', '18098765432', 'VWX012'),
(8035, 'Noah Fischer', '18543210987', 'YZA345'),
(8036, 'Sophie Bernard', '18123456789', 'BCD678'),
(8037, 'Yuki Tanaka', '18654321098', 'EFG901'),
(8038, 'Emma Wagner', '18234567890', 'HIJ234'),
(8039, 'Tomoya Suzuki', '18765432109', 'KLM567'),
(8040, 'Camille Dupont', '18345678901', 'NOP890'),
(8041, 'Ryota Inoue', '18876543210', 'QRS123'),
(8042, 'Léo Schmidt', '18467890123', 'TUV456'),
(8043, 'Nina Yamamoto', '18901234567', 'WXY789'),
(8044, 'Julian Berger', '18098765432', 'ZAB012'),
(8045, 'Élise Lefèvre', '18543210987', 'CDE345'),
(8046, 'Yumi Suzuki', '18123456789', 'FGH678'),
(8047, 'Léo Martin', '18654321098', 'IJK901'),
(8048, 'Noah Wagner', '18234567890', 'LMN234'),
(8049, 'Emilie Leroux', '18765432109', 'OPQ567'),
(8050, 'Haruto Kobayashi', '18345678901', 'RST890');


